"level3_pathway_name","Dark1mean","Dark2mean","Dark3mean","Blue1mean","Blue2mean","Blue3mean","pvalue_Blue","BvsD_SubCell_dgi","Blue"
"Cationic antimicrobial peptide (CAMP) resistance",13.3220342857143,11.2575777142857,10.1913591428571,4.42294285714286,2.18461142857143,2.10342928571429,0.00215525047986424,0.352950947691653,12.5639
"Lipopolysaccharide biosynthesis",12.534739,12.309094,14.2138282857143,6.40007428571429,3.84448814285714,3.44762128571429,0.00282866398558661,0.390945638652918,27.2275041666667
"Lipopolysaccharide biosynthesis proteins",12.4891776666667,11.9313292222222,12.6995248888889,5.80820188888889,3.92790033333333,3.48114444444444,0.00441253226826712,0.34973220316259,21.9859681111111
"Phenylalanine, tyrosine and tryptophan biosynthesis",10.341244,9.97034266666667,10.9330078333333,5.79936066666667,4.4114395,3.21158233333333,0.00856381996274833,0.249336372242445,15.1169038333333
"Phenylpropanoid biosynthesis",8.832784,10.184631,8.130078,1.375573,1.256075,1.032709,0.00489848005006077,0.249336372242445,15.1169038333333
"Purine metabolism",13.5745161944444,14.3803613888889,12.4448631388889,7.33925536111111,5.00800308333333,4.44195058333333,0.00320915002301301,0.368168129161985,10.4880483333333
"Pyrimidine metabolism",16.85531125,16.89333955,16.1794678,7.46279055,6.2430313,5.23534805,0.00157823094675669,0.444352967895951,18.3135469047619
"Retinol metabolism",19.045579,24.22798,22.020353,3.703816,2.015608,2.111678,0.002738256896625,0.482598986253639,21.700567
"Transcription factors",19.5244672272727,16.4991358636364,19.6711918636364,7.27588145454545,4.10815045454545,3.99919109090909,0.000845423425809717,0.461763661561957,18.5923198787879
