"id","tSNE1","tSNE2","D2A","D3A","D1A","B2A","B1A","B3A","degs","Cluster","ko_name","ko","ko_des","KEGG_ec","KEGG_En_description","KEGG_Modules","KEGG_Mo_description","level1_pathway_name","level2_pathway_name","level3_pathway_id","level3_pathway_name"
"D1A_k97_4633_1",-12.9373982649221,-14.9933886664633,0.855904472705533,0.627269364384569,0.557227352488852,0.56856834634237,0.594418681519222,0.651129492270411,"Blue_vs_Dark","Cluster 6","-","-","-","-","-","-","-","-","-","-","-"
"G2A_k97_19329_35",-13.6450784801332,-15.6445463169832,0.868188338749367,0.802393690913452,0.506030411149275,0.599166359850657,0.812813294090845,0.699709452830427,"Blue_vs_Dark","Cluster 6","-","-","-","-","-","-","-","-","-","-","-"
"G2A_k97_20020_52",-9.03513525844513,-12.8768619172774,0.614475743196276,0.627933208598798,0.469538623676843,0.60714431089899,0.672713171023348,0.376367468755769,"Blue_vs_Dark","Cluster 6","-","-","-","-","-","-","-","-","-","-","-"
"G3A_k97_42502_2",-9.84313497653748,-11.7262343431597,0.745359559605592,0.549035314106718,0.447463477371103,0.529551548223823,0.562821966033956,0.357065069739432,"Blue_vs_Dark","Cluster 6","hcam:I4484_01510","K07090","uncharacterized protein","-","-","-","-","-","-","-","-"
"R3A_k97_13330_1",-7.03260900618634,-11.2830853326395,0.43506615898756,0.60337905727993,0.42794904723739,0.549640453242239,0.519593984439255,0.262879858193204,"Blue_vs_Dark","Cluster 6","-","-","-","-","-","-","-","-","-","-","-"
"Y1A_k97_1471_1",-7.50482199324505,-12.3219442654432,0.471486901925527,0.539030877847708,0.451458630824097,0.576468368064602,0.600351197338267,0.412437731333837,"Blue_vs_Dark","Cluster 6","psc:A458_02085","K01823","isopentenyl-diphosphate Delta-isomerase [EC:5.3.3.2]","5.3.3.2","Isomerases","M00366;M00365;M00849;M00095;M00367;M00364;M00096","-","Metabolism;Metabolism;Metabolism","Metabolism of terpenoids and polyketides;Global and overview maps;Global and overview maps","ko00900;ko01100;ko01110","Terpenoid backbone biosynthesis;Metabolic pathways;Biosynthesis of secondary metabolites"
"Y1A_k97_29889_1",-4.52603720283084,-11.5566036152306,0.515277949824483,0.390674314070828,0.481771731385998,0.433238859678003,0.617359697076896,0.524978901024896,"Blue_vs_Dark","Cluster 6","-","-","-","-","-","-","-","-","-","-","-"
