"id","tSNE1","tSNE2","D2A","D3A","D1A","Y1A","Y2A","Y3A","Cluster","ko_name","ko","ko_des","KEGG_ec","KEGG_En_description","KEGG_Modules","KEGG_Mo_description","level1_pathway_name","level2_pathway_name","level3_pathway_id","level3_pathway_name"
"G2A_k97_23054_1",23.0348566574214,4.04355222926997,0.307366380160192,0.342776558663372,0.212301309128298,0.344029921555139,0.314016220638709,0.217928735288965,"Cluster 6","-","-","-","-","-","-","-","-","-","-","-"
"G2A_k97_42434_4",1.69540358237,1.06478996881724,0.326715616479715,0.19887395601956,0.377909998234943,0.282735667510835,0.475938709457124,0.368937847446035,"Cluster 6","fse:DI487_08575","K09793","uncharacterized protein","-","-","-","-","-","-","-","-"
"G2A_k97_47820_6",-7.54690187538444,3.28708475506042,0.393729275726385,0.352577167054413,0.411916484037025,0.337412023655856,0.477677002645617,0.436369230918639,"Cluster 6","-","-","-","-","-","-","-","-","-","-","-"
"R2A_k97_15266_1",-20.1308794680092,4.22790629225033,0.289617062168115,0.320954363283231,0.481771731385998,0.392036411312812,0.357281014836445,0.354205875250731,"Cluster 6","-","-","-","-","-","-","-","-","-","-","-"
"R3A_k97_38851_3",4.07047350253178,5.40561305822754,0.318243642487654,0.30945935242961,0.405610254177234,0.258288728826288,0.549123750374352,0.314799786458584,"Cluster 6","fak:FUA48_04105","K01633","7,8-dihydroneopterin aldolase/epimerase/oxygenase [EC:4.1.2.25 5.1.99.8 1.13.11.81]","4.1.2.25;1.13.11.81;5.1.99.8","-","M00840;M00126","-","Metabolism;Metabolism;Metabolism","Metabolism of cofactors and vitamins;Global and overview maps;Global and overview maps","ko00790;ko01100;ko01240","Folate biosynthesis;Metabolic pathways;Biosynthesis of cofactors"
"R3A_k97_40720_2",-13.4759214149484,1.82969237356008,0.370668437462392,0.278101480843147,0.425986526418408,0.431940525239466,0.414201713666574,0.332168415092001,"Cluster 6","-","-","-","-","-","-","-","-","-","-","-"
"Y3A_k97_51697_6",26.9365353366539,2.70842095132615,0.237199555616453,0.358087966334459,0.217212432942044,0.312490337786636,0.230147019868288,0.287622908857191,"Cluster 6","-","-","-","-","-","-","-","-","-","-","-"
"Y3A_k97_55139_3",-24.3623406377303,4.40197156659559,0.203125019237684,0.26951895868786,0.414606697140659,0.370124622042482,0.368881201301754,0.385869349371584,"Cluster 6","mpw:MPR_1451","K03574","8-oxo-dGTP diphosphatase [EC:3.6.1.55]","3.6.1.55","Hydrolases","-","-","-","-","-","-"
