"id","tSNE1","tSNE2","z1_3","z1_1","z1_2","z10_3","z10_1","z10_2","Cluster","ko_name","ko","ko_des","level3_pathway_id","level3_pathway_name","KEGG_ec","KEGG_En_description","KEGG_Modules","KEGG_Mo_description","level1_pathway_name","level2_pathway_name"
"z1_1_k97_139269_3",-39.7048228525445,20.7089037396586,0.561018121415935,0.900762282455082,0.705292863435333,0.820663622066814,1.01130689811926,0.741214698910983,"Cluster 6","ele:Elen_1539","K07727","putative transcriptional regulator","-","-","-","-","-","-","-","-"
"z4_2_k97_280232_1",-38.8509860383695,21.4990864910186,0.805251427157494,0.77593467226726,0.84166322991182,0.632257023605926,0.604755568010346,0.954215938586624,"Cluster 6","pet:PEIBARAKI_5575","K02117","V/A-type H+/Na+-transporting ATPase subunit A [EC:7.1.2.2 7.2.2.1]","ko00190;ko01100","Oxidative phosphorylation;Metabolic pathways","7.1.2.2;7.2.2.1","-","M00159","V/A-type ATPase, prokaryotes","Metabolism;Metabolism","Energy metabolism;Global and overview maps"
"z5_1_k97_165008_1",-39.7556297283455,20.6690670960021,0.678557685191168,1.16194197124757,0.730465268390811,0.997356249912251,0.987324540214951,0.85630028889064,"Cluster 6","-","-","-","-","-","-","-","-","-","-","-"
